{
  "hash": "2625b0c9",
  "configHash": "e1a9c3cb",
  "lockfileHash": "c16590d5",
  "browserHash": "bb8fd132",
  "optimized": {
    "@angular/common": {
      "src": "../../../../../../node_modules/@angular/common/fesm2022/common.mjs",
      "file": "@angular_common.js",
      "fileHash": "e7afc3ea",
      "needsInterop": false
    },
    "@angular/common/http": {
      "src": "../../../../../../node_modules/@angular/common/fesm2022/http.mjs",
      "file": "@angular_common_http.js",
      "fileHash": "811c65fd",
      "needsInterop": false
    },
    "@angular/core": {
      "src": "../../../../../../node_modules/@angular/core/fesm2022/core.mjs",
      "file": "@angular_core.js",
      "fileHash": "04e1ca86",
      "needsInterop": false
    },
    "@angular/forms": {
      "src": "../../../../../../node_modules/@angular/forms/fesm2022/forms.mjs",
      "file": "@angular_forms.js",
      "fileHash": "358a3cce",
      "needsInterop": false
    },
    "@angular/platform-browser": {
      "src": "../../../../../../node_modules/@angular/platform-browser/fesm2022/platform-browser.mjs",
      "file": "@angular_platform-browser.js",
      "fileHash": "3d90d6d7",
      "needsInterop": false
    },
    "@angular/router": {
      "src": "../../../../../../node_modules/@angular/router/fesm2022/router.mjs",
      "file": "@angular_router.js",
      "fileHash": "23551400",
      "needsInterop": false
    },
    "zone.js": {
      "src": "../../../../../../node_modules/zone.js/fesm2015/zone.js",
      "file": "zone__js.js",
      "fileHash": "262c82ab",
      "needsInterop": true
    }
  },
  "chunks": {
    "chunk-D4HLTB3E": {
      "file": "chunk-D4HLTB3E.js"
    },
    "chunk-HPIUHGJJ": {
      "file": "chunk-HPIUHGJJ.js"
    },
    "chunk-5LUGFS43": {
      "file": "chunk-5LUGFS43.js"
    },
    "chunk-R6U7IGMG": {
      "file": "chunk-R6U7IGMG.js"
    },
    "chunk-63QPTQED": {
      "file": "chunk-63QPTQED.js"
    },
    "chunk-WDMUDEB6": {
      "file": "chunk-WDMUDEB6.js"
    }
  }
}